ts	phase	decision	why	evidence	result
2026-09-14T17:11:36Z	frame	stack of 4 PRs, ClusterSession stays, krafka 0.23, no dual-client end state	user asked for reviewable stacked PRs; a closed dual-client PR already proved FakeBroker metadata and auth mapping	https://github.com/marcocondrache/klens/pull/192 /tmp/krafka v0.23 FakeBroker handlers	open
2026-09-14T17:11:36Z	frame	done when rdkafka is gone and FakeBroker or conversion tests cover each moved method	prove against the real client, not compile-only	src/kafka/session.rs ClusterSession	open
2026-09-14T17:11:36Z	design	skip 3-model arena; keep ClusterSession and swap KafkaClient	the port already exists and PR 192 settled auth, cache metadata, and lazy connect	PR 192 + src/kafka/session.rs	open
2026-09-14T17:11:36Z	design	PR1 metadata, PR2 offsets, PR3 browse, PR4 groups configs drop rdkafka	FakeBroker speaks Metadata ListOffsets OffsetFetch Fetch Produce, not DescribeConfigs or ListGroups	/tmp/krafka/src/testing/mod.rs:59-73	open
2026-09-14T17:16:09Z	pr1	opened draft PR 193 for metadata layer	first reviewable unit; other methods still on rdkafka	https://github.com/marcocondrache/klens/pull/193 d7b32b7	open
2026-09-14T17:20:28Z	pr2	opened PR for offsets on krafka	FakeBroker covers ListOffsets and OffsetFetch	https://github.com/marcocondrache/klens/pull/194 6eae5f1	tests green
2026-09-14T17:27:20Z	pr3	opened draft PR for record browse on krafka	FakeBroker covers Fetch and Produce; no PartitionEOF so windows clamp to high watermark	cursor/krafka-browse-df54 c7a333f	open
2026-09-14T17:28:52Z	pr3	browse FakeBroker tests green	records and reused browse handle plus clamp past high watermark	cargo nextest 295 passed	green
2026-09-14T17:37:32Z	pr4	groups configs drop rdkafka; classic assignments via DescribeGroups	krafka admin wrapper sets classic assignment to None; protocol still has member_assignment bytes	cargo nextest 294 passed; Cargo.lock has no rdkafka	green
